https://developer.nodit.io/api/multichain-api/lookupEntities.md	docs/nodit-official/raw/api/multichain-api/lookupEntities.md
https://developer.nodit.io/api/node-api/aptos/encode-submission.md	docs/nodit-official/raw/api/node-api/aptos/encode-submission.md
https://developer.nodit.io/api/node-api/aptos/estimate-gas-price.md	docs/nodit-official/raw/api/node-api/aptos/estimate-gas-price.md
https://developer.nodit.io/api/node-api/aptos/execute-view-function-of-a-module.md	docs/nodit-official/raw/api/node-api/aptos/execute-view-function-of-a-module.md
https://developer.nodit.io/api/node-api/aptos/get-account-balance.md	docs/nodit-official/raw/api/node-api/aptos/get-account-balance.md
https://developer.nodit.io/api/node-api/aptos/get-account-module.md	docs/nodit-official/raw/api/node-api/aptos/get-account-module.md
https://developer.nodit.io/api/node-api/aptos/get-account-modules.md	docs/nodit-official/raw/api/node-api/aptos/get-account-modules.md
https://developer.nodit.io/api/node-api/aptos/get-account-resource.md	docs/nodit-official/raw/api/node-api/aptos/get-account-resource.md
https://developer.nodit.io/api/node-api/aptos/get-account-resources.md	docs/nodit-official/raw/api/node-api/aptos/get-account-resources.md
https://developer.nodit.io/api/node-api/aptos/get-account-transactions.md	docs/nodit-official/raw/api/node-api/aptos/get-account-transactions.md
https://developer.nodit.io/api/node-api/aptos/get-account.md	docs/nodit-official/raw/api/node-api/aptos/get-account.md
https://developer.nodit.io/api/node-api/aptos/get-blocks-by-height.md	docs/nodit-official/raw/api/node-api/aptos/get-blocks-by-height.md
https://developer.nodit.io/api/node-api/aptos/get-blocks-by-version.md	docs/nodit-official/raw/api/node-api/aptos/get-blocks-by-version.md
https://developer.nodit.io/api/node-api/aptos/get-events-by-creation-number.md	docs/nodit-official/raw/api/node-api/aptos/get-events-by-creation-number.md
https://developer.nodit.io/api/node-api/aptos/get-events-by-event-handle.md	docs/nodit-official/raw/api/node-api/aptos/get-events-by-event-handle.md
https://developer.nodit.io/api/node-api/aptos/get-ledger-info.md	docs/nodit-official/raw/api/node-api/aptos/get-ledger-info.md
https://developer.nodit.io/api/node-api/aptos/get-raw-table-item.md	docs/nodit-official/raw/api/node-api/aptos/get-raw-table-item.md
https://developer.nodit.io/api/node-api/aptos/get-table-item.md	docs/nodit-official/raw/api/node-api/aptos/get-table-item.md
https://developer.nodit.io/api/node-api/aptos/get-transaction-by-hash.md	docs/nodit-official/raw/api/node-api/aptos/get-transaction-by-hash.md
https://developer.nodit.io/api/node-api/aptos/get-transaction-by-version.md	docs/nodit-official/raw/api/node-api/aptos/get-transaction-by-version.md
https://developer.nodit.io/api/node-api/aptos/get-transaction-summaries.md	docs/nodit-official/raw/api/node-api/aptos/get-transaction-summaries.md
https://developer.nodit.io/api/node-api/aptos/get-transactions.md	docs/nodit-official/raw/api/node-api/aptos/get-transactions.md
https://developer.nodit.io/api/node-api/aptos/simulate-transaction.md	docs/nodit-official/raw/api/node-api/aptos/simulate-transaction.md
https://developer.nodit.io/api/node-api/aptos/submit-batch-transactions.md	docs/nodit-official/raw/api/node-api/aptos/submit-batch-transactions.md
https://developer.nodit.io/api/node-api/aptos/submit-transaction.md	docs/nodit-official/raw/api/node-api/aptos/submit-transaction.md
https://developer.nodit.io/api/node-api/aptos/wait-for-transaction-by-hash.md	docs/nodit-official/raw/api/node-api/aptos/wait-for-transaction-by-hash.md
https://developer.nodit.io/api/node-api/evm/bor_getauthor.md	docs/nodit-official/raw/api/node-api/evm/bor_getauthor.md
https://developer.nodit.io/api/node-api/evm/bor_getcurrentproposer.md	docs/nodit-official/raw/api/node-api/evm/bor_getcurrentproposer.md
https://developer.nodit.io/api/node-api/evm/bor_getcurrentvalidators.md	docs/nodit-official/raw/api/node-api/evm/bor_getcurrentvalidators.md
https://developer.nodit.io/api/node-api/evm/bor_getsignersathash.md	docs/nodit-official/raw/api/node-api/evm/bor_getsignersathash.md
https://developer.nodit.io/api/node-api/evm/debug_traceblockbyhash.md	docs/nodit-official/raw/api/node-api/evm/debug_traceblockbyhash.md
https://developer.nodit.io/api/node-api/evm/debug_traceblockbynumber.md	docs/nodit-official/raw/api/node-api/evm/debug_traceblockbynumber.md
https://developer.nodit.io/api/node-api/evm/debug_tracecall.md	docs/nodit-official/raw/api/node-api/evm/debug_tracecall.md
https://developer.nodit.io/api/node-api/evm/debug_tracetransaction.md	docs/nodit-official/raw/api/node-api/evm/debug_tracetransaction.md
https://developer.nodit.io/api/node-api/evm/eth_blocknumber.md	docs/nodit-official/raw/api/node-api/evm/eth_blocknumber.md
https://developer.nodit.io/api/node-api/evm/eth_call.md	docs/nodit-official/raw/api/node-api/evm/eth_call.md
https://developer.nodit.io/api/node-api/evm/eth_chainid.md	docs/nodit-official/raw/api/node-api/evm/eth_chainid.md
https://developer.nodit.io/api/node-api/evm/eth_createaccesslist.md	docs/nodit-official/raw/api/node-api/evm/eth_createaccesslist.md
https://developer.nodit.io/api/node-api/evm/eth_estimategas.md	docs/nodit-official/raw/api/node-api/evm/eth_estimategas.md
https://developer.nodit.io/api/node-api/evm/eth_feehistory.md	docs/nodit-official/raw/api/node-api/evm/eth_feehistory.md
https://developer.nodit.io/api/node-api/evm/eth_gasprice.md	docs/nodit-official/raw/api/node-api/evm/eth_gasprice.md
https://developer.nodit.io/api/node-api/evm/eth_getbalance.md	docs/nodit-official/raw/api/node-api/evm/eth_getbalance.md
https://developer.nodit.io/api/node-api/evm/eth_getblockbyhash.md	docs/nodit-official/raw/api/node-api/evm/eth_getblockbyhash.md
https://developer.nodit.io/api/node-api/evm/eth_getblockbynumber.md	docs/nodit-official/raw/api/node-api/evm/eth_getblockbynumber.md
https://developer.nodit.io/api/node-api/evm/eth_getblockreceipts.md	docs/nodit-official/raw/api/node-api/evm/eth_getblockreceipts.md
https://developer.nodit.io/api/node-api/evm/eth_getblocktransactioncountbyhash.md	docs/nodit-official/raw/api/node-api/evm/eth_getblocktransactioncountbyhash.md
https://developer.nodit.io/api/node-api/evm/eth_getblocktransactioncountbynumber.md	docs/nodit-official/raw/api/node-api/evm/eth_getblocktransactioncountbynumber.md
https://developer.nodit.io/api/node-api/evm/eth_getcode.md	docs/nodit-official/raw/api/node-api/evm/eth_getcode.md
https://developer.nodit.io/api/node-api/evm/eth_getfilterchanges.md	docs/nodit-official/raw/api/node-api/evm/eth_getfilterchanges.md
https://developer.nodit.io/api/node-api/evm/eth_getfilterlogs.md	docs/nodit-official/raw/api/node-api/evm/eth_getfilterlogs.md
https://developer.nodit.io/api/node-api/evm/eth_getlogs.md	docs/nodit-official/raw/api/node-api/evm/eth_getlogs.md
https://developer.nodit.io/api/node-api/evm/eth_getproof.md	docs/nodit-official/raw/api/node-api/evm/eth_getproof.md
https://developer.nodit.io/api/node-api/evm/eth_getstorageat.md	docs/nodit-official/raw/api/node-api/evm/eth_getstorageat.md
https://developer.nodit.io/api/node-api/evm/eth_gettransactionbyblockhashandindex.md	docs/nodit-official/raw/api/node-api/evm/eth_gettransactionbyblockhashandindex.md
https://developer.nodit.io/api/node-api/evm/eth_gettransactionbyblocknumberandindex.md	docs/nodit-official/raw/api/node-api/evm/eth_gettransactionbyblocknumberandindex.md
https://developer.nodit.io/api/node-api/evm/eth_gettransactionbyhash.md	docs/nodit-official/raw/api/node-api/evm/eth_gettransactionbyhash.md
https://developer.nodit.io/api/node-api/evm/eth_gettransactioncount.md	docs/nodit-official/raw/api/node-api/evm/eth_gettransactioncount.md
https://developer.nodit.io/api/node-api/evm/eth_gettransactionreceipt.md	docs/nodit-official/raw/api/node-api/evm/eth_gettransactionreceipt.md
https://developer.nodit.io/api/node-api/evm/eth_getunclebyblockhashandindex.md	docs/nodit-official/raw/api/node-api/evm/eth_getunclebyblockhashandindex.md
https://developer.nodit.io/api/node-api/evm/eth_getunclebyblocknumberandindex.md	docs/nodit-official/raw/api/node-api/evm/eth_getunclebyblocknumberandindex.md
https://developer.nodit.io/api/node-api/evm/eth_getunclecountbyblockhash.md	docs/nodit-official/raw/api/node-api/evm/eth_getunclecountbyblockhash.md
https://developer.nodit.io/api/node-api/evm/eth_getunclecountbyblocknumber.md	docs/nodit-official/raw/api/node-api/evm/eth_getunclecountbyblocknumber.md
https://developer.nodit.io/api/node-api/evm/eth_maxpriorityfeepergas.md	docs/nodit-official/raw/api/node-api/evm/eth_maxpriorityfeepergas.md
https://developer.nodit.io/api/node-api/evm/eth_newblockfilter.md	docs/nodit-official/raw/api/node-api/evm/eth_newblockfilter.md
https://developer.nodit.io/api/node-api/evm/eth_newfilter.md	docs/nodit-official/raw/api/node-api/evm/eth_newfilter.md
https://developer.nodit.io/api/node-api/evm/eth_newpendingtransactionfilter.md	docs/nodit-official/raw/api/node-api/evm/eth_newpendingtransactionfilter.md
https://developer.nodit.io/api/node-api/evm/eth_sendrawtransaction.md	docs/nodit-official/raw/api/node-api/evm/eth_sendrawtransaction.md
https://developer.nodit.io/api/node-api/evm/eth_uninstallfilter.md	docs/nodit-official/raw/api/node-api/evm/eth_uninstallfilter.md
https://developer.nodit.io/api/node-api/evm/kaia_blocknumber.md	docs/nodit-official/raw/api/node-api/evm/kaia_blocknumber.md
https://developer.nodit.io/api/node-api/evm/kaia_call.md	docs/nodit-official/raw/api/node-api/evm/kaia_call.md
https://developer.nodit.io/api/node-api/evm/kaia_chainid.md	docs/nodit-official/raw/api/node-api/evm/kaia_chainid.md
https://developer.nodit.io/api/node-api/evm/kaia_createaccesslist.md	docs/nodit-official/raw/api/node-api/evm/kaia_createaccesslist.md
https://developer.nodit.io/api/node-api/evm/kaia_estimategas.md	docs/nodit-official/raw/api/node-api/evm/kaia_estimategas.md
https://developer.nodit.io/api/node-api/evm/kaia_feehistory.md	docs/nodit-official/raw/api/node-api/evm/kaia_feehistory.md
https://developer.nodit.io/api/node-api/evm/kaia_gasprice.md	docs/nodit-official/raw/api/node-api/evm/kaia_gasprice.md
https://developer.nodit.io/api/node-api/evm/kaia_getbalance.md	docs/nodit-official/raw/api/node-api/evm/kaia_getbalance.md
https://developer.nodit.io/api/node-api/evm/kaia_getblockbyhash.md	docs/nodit-official/raw/api/node-api/evm/kaia_getblockbyhash.md
https://developer.nodit.io/api/node-api/evm/kaia_getblockbynumber.md	docs/nodit-official/raw/api/node-api/evm/kaia_getblockbynumber.md
https://developer.nodit.io/api/node-api/evm/kaia_getblockreceipts.md	docs/nodit-official/raw/api/node-api/evm/kaia_getblockreceipts.md
https://developer.nodit.io/api/node-api/evm/kaia_getblocktransactioncountbyhash.md	docs/nodit-official/raw/api/node-api/evm/kaia_getblocktransactioncountbyhash.md
https://developer.nodit.io/api/node-api/evm/kaia_getblocktransactioncountbynumber.md	docs/nodit-official/raw/api/node-api/evm/kaia_getblocktransactioncountbynumber.md
https://developer.nodit.io/api/node-api/evm/kaia_getcode.md	docs/nodit-official/raw/api/node-api/evm/kaia_getcode.md
https://developer.nodit.io/api/node-api/evm/kaia_getfilterchanges.md	docs/nodit-official/raw/api/node-api/evm/kaia_getfilterchanges.md
https://developer.nodit.io/api/node-api/evm/kaia_getfilterlogs.md	docs/nodit-official/raw/api/node-api/evm/kaia_getfilterlogs.md
https://developer.nodit.io/api/node-api/evm/kaia_getlogs.md	docs/nodit-official/raw/api/node-api/evm/kaia_getlogs.md
https://developer.nodit.io/api/node-api/evm/kaia_getproof.md	docs/nodit-official/raw/api/node-api/evm/kaia_getproof.md
https://developer.nodit.io/api/node-api/evm/kaia_getrewards.md	docs/nodit-official/raw/api/node-api/evm/kaia_getrewards.md
https://developer.nodit.io/api/node-api/evm/kaia_getstorageat.md	docs/nodit-official/raw/api/node-api/evm/kaia_getstorageat.md
https://developer.nodit.io/api/node-api/evm/kaia_gettransactionbyblockhashandindex.md	docs/nodit-official/raw/api/node-api/evm/kaia_gettransactionbyblockhashandindex.md
https://developer.nodit.io/api/node-api/evm/kaia_gettransactionbyblocknumberandindex.md	docs/nodit-official/raw/api/node-api/evm/kaia_gettransactionbyblocknumberandindex.md
https://developer.nodit.io/api/node-api/evm/kaia_gettransactionbyhash.md	docs/nodit-official/raw/api/node-api/evm/kaia_gettransactionbyhash.md
https://developer.nodit.io/api/node-api/evm/kaia_gettransactioncount.md	docs/nodit-official/raw/api/node-api/evm/kaia_gettransactioncount.md
https://developer.nodit.io/api/node-api/evm/kaia_gettransactionreceipt.md	docs/nodit-official/raw/api/node-api/evm/kaia_gettransactionreceipt.md
https://developer.nodit.io/api/node-api/evm/kaia_maxpriorityfeepergas.md	docs/nodit-official/raw/api/node-api/evm/kaia_maxpriorityfeepergas.md
https://developer.nodit.io/api/node-api/evm/kaia_newblockfilter.md	docs/nodit-official/raw/api/node-api/evm/kaia_newblockfilter.md
https://developer.nodit.io/api/node-api/evm/kaia_newfilter.md	docs/nodit-official/raw/api/node-api/evm/kaia_newfilter.md
https://developer.nodit.io/api/node-api/evm/kaia_newpendingtransactionfilter.md	docs/nodit-official/raw/api/node-api/evm/kaia_newpendingtransactionfilter.md
https://developer.nodit.io/api/node-api/evm/kaia_sendrawtransaction.md	docs/nodit-official/raw/api/node-api/evm/kaia_sendrawtransaction.md
https://developer.nodit.io/api/node-api/evm/kaia_uninstallfilter.md	docs/nodit-official/raw/api/node-api/evm/kaia_uninstallfilter.md
https://developer.nodit.io/api/node-api/evm/klay_blocknumber.md	docs/nodit-official/raw/api/node-api/evm/klay_blocknumber.md
https://developer.nodit.io/api/node-api/evm/klay_call.md	docs/nodit-official/raw/api/node-api/evm/klay_call.md
https://developer.nodit.io/api/node-api/evm/klay_chainid.md	docs/nodit-official/raw/api/node-api/evm/klay_chainid.md
https://developer.nodit.io/api/node-api/evm/klay_createaccesslist.md	docs/nodit-official/raw/api/node-api/evm/klay_createaccesslist.md
https://developer.nodit.io/api/node-api/evm/klay_estimategas.md	docs/nodit-official/raw/api/node-api/evm/klay_estimategas.md
https://developer.nodit.io/api/node-api/evm/klay_feehistory.md	docs/nodit-official/raw/api/node-api/evm/klay_feehistory.md
https://developer.nodit.io/api/node-api/evm/klay_gasprice.md	docs/nodit-official/raw/api/node-api/evm/klay_gasprice.md
https://developer.nodit.io/api/node-api/evm/klay_getbalance.md	docs/nodit-official/raw/api/node-api/evm/klay_getbalance.md
https://developer.nodit.io/api/node-api/evm/klay_getblockbyhash.md	docs/nodit-official/raw/api/node-api/evm/klay_getblockbyhash.md
https://developer.nodit.io/api/node-api/evm/klay_getblockbynumber.md	docs/nodit-official/raw/api/node-api/evm/klay_getblockbynumber.md
https://developer.nodit.io/api/node-api/evm/klay_getblockreceipts.md	docs/nodit-official/raw/api/node-api/evm/klay_getblockreceipts.md
https://developer.nodit.io/api/node-api/evm/klay_getblocktransactioncountbyhash.md	docs/nodit-official/raw/api/node-api/evm/klay_getblocktransactioncountbyhash.md
https://developer.nodit.io/api/node-api/evm/klay_getblocktransactioncountbynumber.md	docs/nodit-official/raw/api/node-api/evm/klay_getblocktransactioncountbynumber.md
https://developer.nodit.io/api/node-api/evm/klay_getcode.md	docs/nodit-official/raw/api/node-api/evm/klay_getcode.md
https://developer.nodit.io/api/node-api/evm/klay_getfilterchanges.md	docs/nodit-official/raw/api/node-api/evm/klay_getfilterchanges.md
https://developer.nodit.io/api/node-api/evm/klay_getfilterlogs.md	docs/nodit-official/raw/api/node-api/evm/klay_getfilterlogs.md
https://developer.nodit.io/api/node-api/evm/klay_getlogs.md	docs/nodit-official/raw/api/node-api/evm/klay_getlogs.md
https://developer.nodit.io/api/node-api/evm/klay_getproof.md	docs/nodit-official/raw/api/node-api/evm/klay_getproof.md
https://developer.nodit.io/api/node-api/evm/klay_getstorageat.md	docs/nodit-official/raw/api/node-api/evm/klay_getstorageat.md
https://developer.nodit.io/api/node-api/evm/klay_gettransactionbyblockhashandindex.md	docs/nodit-official/raw/api/node-api/evm/klay_gettransactionbyblockhashandindex.md
https://developer.nodit.io/api/node-api/evm/klay_gettransactionbyblocknumberandindex.md	docs/nodit-official/raw/api/node-api/evm/klay_gettransactionbyblocknumberandindex.md
https://developer.nodit.io/api/node-api/evm/klay_gettransactionbyhash.md	docs/nodit-official/raw/api/node-api/evm/klay_gettransactionbyhash.md
https://developer.nodit.io/api/node-api/evm/klay_gettransactioncount.md	docs/nodit-official/raw/api/node-api/evm/klay_gettransactioncount.md
https://developer.nodit.io/api/node-api/evm/klay_gettransactionreceipt.md	docs/nodit-official/raw/api/node-api/evm/klay_gettransactionreceipt.md
https://developer.nodit.io/api/node-api/evm/klay_maxpriorityfeepergas.md	docs/nodit-official/raw/api/node-api/evm/klay_maxpriorityfeepergas.md
https://developer.nodit.io/api/node-api/evm/klay_newblockfilter.md	docs/nodit-official/raw/api/node-api/evm/klay_newblockfilter.md
https://developer.nodit.io/api/node-api/evm/klay_newfilter.md	docs/nodit-official/raw/api/node-api/evm/klay_newfilter.md
https://developer.nodit.io/api/node-api/evm/klay_newpendingtransactionfilter.md	docs/nodit-official/raw/api/node-api/evm/klay_newpendingtransactionfilter.md
https://developer.nodit.io/api/node-api/evm/klay_sendrawtransaction.md	docs/nodit-official/raw/api/node-api/evm/klay_sendrawtransaction.md
https://developer.nodit.io/api/node-api/evm/klay_uninstallfilter.md	docs/nodit-official/raw/api/node-api/evm/klay_uninstallfilter.md
https://developer.nodit.io/api/node-api/evm/net_listening.md	docs/nodit-official/raw/api/node-api/evm/net_listening.md
https://developer.nodit.io/api/node-api/evm/net_version.md	docs/nodit-official/raw/api/node-api/evm/net_version.md
https://developer.nodit.io/api/node-api/evm/optimism_outputatblock.md	docs/nodit-official/raw/api/node-api/evm/optimism_outputatblock.md
https://developer.nodit.io/api/node-api/evm/optimism_rollupconfig.md	docs/nodit-official/raw/api/node-api/evm/optimism_rollupconfig.md
https://developer.nodit.io/api/node-api/evm/trace_block.md	docs/nodit-official/raw/api/node-api/evm/trace_block.md
https://developer.nodit.io/api/node-api/evm/trace_call.md	docs/nodit-official/raw/api/node-api/evm/trace_call.md
https://developer.nodit.io/api/node-api/evm/trace_filter.md	docs/nodit-official/raw/api/node-api/evm/trace_filter.md
https://developer.nodit.io/api/node-api/evm/trace_get.md	docs/nodit-official/raw/api/node-api/evm/trace_get.md
https://developer.nodit.io/api/node-api/evm/trace_replayblocktransactions.md	docs/nodit-official/raw/api/node-api/evm/trace_replayblocktransactions.md
https://developer.nodit.io/api/node-api/evm/trace_replaytransaction.md	docs/nodit-official/raw/api/node-api/evm/trace_replaytransaction.md
https://developer.nodit.io/api/node-api/evm/trace_transaction.md	docs/nodit-official/raw/api/node-api/evm/trace_transaction.md
https://developer.nodit.io/api/node-api/evm/web3_clientversion.md	docs/nodit-official/raw/api/node-api/evm/web3_clientversion.md
https://developer.nodit.io/api/node-api/evm/web3_sha3.md	docs/nodit-official/raw/api/node-api/evm/web3_sha3.md
https://developer.nodit.io/api/node-api/solana/getaccountinfo.md	docs/nodit-official/raw/api/node-api/solana/getaccountinfo.md
https://developer.nodit.io/api/node-api/solana/getbalance.md	docs/nodit-official/raw/api/node-api/solana/getbalance.md
https://developer.nodit.io/api/node-api/solana/getblock.md	docs/nodit-official/raw/api/node-api/solana/getblock.md
https://developer.nodit.io/api/node-api/solana/getblockcommitment.md	docs/nodit-official/raw/api/node-api/solana/getblockcommitment.md
https://developer.nodit.io/api/node-api/solana/getblockheight.md	docs/nodit-official/raw/api/node-api/solana/getblockheight.md
https://developer.nodit.io/api/node-api/solana/getblockproduction.md	docs/nodit-official/raw/api/node-api/solana/getblockproduction.md
https://developer.nodit.io/api/node-api/solana/getblocks.md	docs/nodit-official/raw/api/node-api/solana/getblocks.md
https://developer.nodit.io/api/node-api/solana/getblockswithlimit.md	docs/nodit-official/raw/api/node-api/solana/getblockswithlimit.md
https://developer.nodit.io/api/node-api/solana/getblocktime.md	docs/nodit-official/raw/api/node-api/solana/getblocktime.md
https://developer.nodit.io/api/node-api/solana/getclusternodes.md	docs/nodit-official/raw/api/node-api/solana/getclusternodes.md
https://developer.nodit.io/api/node-api/solana/getepochinfo.md	docs/nodit-official/raw/api/node-api/solana/getepochinfo.md
https://developer.nodit.io/api/node-api/solana/getepochschedule.md	docs/nodit-official/raw/api/node-api/solana/getepochschedule.md
https://developer.nodit.io/api/node-api/solana/getfeeformessage.md	docs/nodit-official/raw/api/node-api/solana/getfeeformessage.md
https://developer.nodit.io/api/node-api/solana/getfirstavailableblock.md	docs/nodit-official/raw/api/node-api/solana/getfirstavailableblock.md
https://developer.nodit.io/api/node-api/solana/getgenesishash.md	docs/nodit-official/raw/api/node-api/solana/getgenesishash.md
https://developer.nodit.io/api/node-api/solana/gethealth.md	docs/nodit-official/raw/api/node-api/solana/gethealth.md
https://developer.nodit.io/api/node-api/solana/gethighestsnapshotslot.md	docs/nodit-official/raw/api/node-api/solana/gethighestsnapshotslot.md
https://developer.nodit.io/api/node-api/solana/getidentity.md	docs/nodit-official/raw/api/node-api/solana/getidentity.md
https://developer.nodit.io/api/node-api/solana/getinflationgovernor.md	docs/nodit-official/raw/api/node-api/solana/getinflationgovernor.md
https://developer.nodit.io/api/node-api/solana/getinflationrate.md	docs/nodit-official/raw/api/node-api/solana/getinflationrate.md
https://developer.nodit.io/api/node-api/solana/getinflationreward.md	docs/nodit-official/raw/api/node-api/solana/getinflationreward.md
https://developer.nodit.io/api/node-api/solana/getlatestblockhash.md	docs/nodit-official/raw/api/node-api/solana/getlatestblockhash.md
https://developer.nodit.io/api/node-api/solana/getleaderschedule.md	docs/nodit-official/raw/api/node-api/solana/getleaderschedule.md
https://developer.nodit.io/api/node-api/solana/getmaxretransmitslot.md	docs/nodit-official/raw/api/node-api/solana/getmaxretransmitslot.md
https://developer.nodit.io/api/node-api/solana/getmaxshredinsertslot.md	docs/nodit-official/raw/api/node-api/solana/getmaxshredinsertslot.md
https://developer.nodit.io/api/node-api/solana/getminimumbalanceforrentexemption.md	docs/nodit-official/raw/api/node-api/solana/getminimumbalanceforrentexemption.md
https://developer.nodit.io/api/node-api/solana/getmultipleaccounts.md	docs/nodit-official/raw/api/node-api/solana/getmultipleaccounts.md
https://developer.nodit.io/api/node-api/solana/getprogramaccounts.md	docs/nodit-official/raw/api/node-api/solana/getprogramaccounts.md
https://developer.nodit.io/api/node-api/solana/getrecentperformancesamples.md	docs/nodit-official/raw/api/node-api/solana/getrecentperformancesamples.md
https://developer.nodit.io/api/node-api/solana/getrecentprioritizationfees.md	docs/nodit-official/raw/api/node-api/solana/getrecentprioritizationfees.md
https://developer.nodit.io/api/node-api/solana/getsignaturesforaddress.md	docs/nodit-official/raw/api/node-api/solana/getsignaturesforaddress.md
https://developer.nodit.io/api/node-api/solana/getsignaturestatuses.md	docs/nodit-official/raw/api/node-api/solana/getsignaturestatuses.md
https://developer.nodit.io/api/node-api/solana/getslot.md	docs/nodit-official/raw/api/node-api/solana/getslot.md
https://developer.nodit.io/api/node-api/solana/getslotleader.md	docs/nodit-official/raw/api/node-api/solana/getslotleader.md
https://developer.nodit.io/api/node-api/solana/getslotleaders.md	docs/nodit-official/raw/api/node-api/solana/getslotleaders.md
https://developer.nodit.io/api/node-api/solana/getstakeminimumdelegation.md	docs/nodit-official/raw/api/node-api/solana/getstakeminimumdelegation.md
https://developer.nodit.io/api/node-api/solana/getsupply.md	docs/nodit-official/raw/api/node-api/solana/getsupply.md
https://developer.nodit.io/api/node-api/solana/gettokenaccountbalance.md	docs/nodit-official/raw/api/node-api/solana/gettokenaccountbalance.md
https://developer.nodit.io/api/node-api/solana/gettokenaccountsbyowner.md	docs/nodit-official/raw/api/node-api/solana/gettokenaccountsbyowner.md
https://developer.nodit.io/api/node-api/solana/gettokensupply.md	docs/nodit-official/raw/api/node-api/solana/gettokensupply.md
https://developer.nodit.io/api/node-api/solana/gettransaction.md	docs/nodit-official/raw/api/node-api/solana/gettransaction.md
https://developer.nodit.io/api/node-api/solana/gettransactioncount.md	docs/nodit-official/raw/api/node-api/solana/gettransactioncount.md
https://developer.nodit.io/api/node-api/solana/getversion.md	docs/nodit-official/raw/api/node-api/solana/getversion.md
https://developer.nodit.io/api/node-api/solana/getvoteaccounts.md	docs/nodit-official/raw/api/node-api/solana/getvoteaccounts.md
https://developer.nodit.io/api/node-api/solana/isblockhashvalid.md	docs/nodit-official/raw/api/node-api/solana/isblockhashvalid.md
https://developer.nodit.io/api/node-api/solana/minimumledgerslot.md	docs/nodit-official/raw/api/node-api/solana/minimumledgerslot.md
https://developer.nodit.io/api/node-api/solana/sendtransaction.md	docs/nodit-official/raw/api/node-api/solana/sendtransaction.md
https://developer.nodit.io/api/node-api/solana/simulatetransaction.md	docs/nodit-official/raw/api/node-api/solana/simulatetransaction.md
https://developer.nodit.io/api/node-api/sui/sui_devinspecttransactionblock.md	docs/nodit-official/raw/api/node-api/sui/sui_devinspecttransactionblock.md
https://developer.nodit.io/api/node-api/sui/sui_dryruntransactionblock.md	docs/nodit-official/raw/api/node-api/sui/sui_dryruntransactionblock.md
https://developer.nodit.io/api/node-api/sui/sui_executetransactionblock.md	docs/nodit-official/raw/api/node-api/sui/sui_executetransactionblock.md
https://developer.nodit.io/api/node-api/sui/sui_getchainidentifier.md	docs/nodit-official/raw/api/node-api/sui/sui_getchainidentifier.md
https://developer.nodit.io/api/node-api/sui/sui_getcheckpoint.md	docs/nodit-official/raw/api/node-api/sui/sui_getcheckpoint.md
https://developer.nodit.io/api/node-api/sui/sui_getcheckpoints.md	docs/nodit-official/raw/api/node-api/sui/sui_getcheckpoints.md
https://developer.nodit.io/api/node-api/sui/sui_getevents.md	docs/nodit-official/raw/api/node-api/sui/sui_getevents.md
https://developer.nodit.io/api/node-api/sui/sui_getlatestcheckpointsequencenumber.md	docs/nodit-official/raw/api/node-api/sui/sui_getlatestcheckpointsequencenumber.md
https://developer.nodit.io/api/node-api/sui/sui_getmovefunctionargtypes.md	docs/nodit-official/raw/api/node-api/sui/sui_getmovefunctionargtypes.md
https://developer.nodit.io/api/node-api/sui/sui_getnormalizedmovefunction.md	docs/nodit-official/raw/api/node-api/sui/sui_getnormalizedmovefunction.md
https://developer.nodit.io/api/node-api/sui/sui_getnormalizedmovemodule.md	docs/nodit-official/raw/api/node-api/sui/sui_getnormalizedmovemodule.md
https://developer.nodit.io/api/node-api/sui/sui_getnormalizedmovemodulesbypackage.md	docs/nodit-official/raw/api/node-api/sui/sui_getnormalizedmovemodulesbypackage.md
https://developer.nodit.io/api/node-api/sui/sui_getnormalizedmovestruct.md	docs/nodit-official/raw/api/node-api/sui/sui_getnormalizedmovestruct.md
https://developer.nodit.io/api/node-api/sui/sui_getobject.md	docs/nodit-official/raw/api/node-api/sui/sui_getobject.md
https://developer.nodit.io/api/node-api/sui/sui_getprotocolconfig.md	docs/nodit-official/raw/api/node-api/sui/sui_getprotocolconfig.md
https://developer.nodit.io/api/node-api/sui/sui_gettotaltransactionblocks.md	docs/nodit-official/raw/api/node-api/sui/sui_gettotaltransactionblocks.md
https://developer.nodit.io/api/node-api/sui/sui_gettransactionblock.md	docs/nodit-official/raw/api/node-api/sui/sui_gettransactionblock.md
https://developer.nodit.io/api/node-api/sui/sui_multigetobjects.md	docs/nodit-official/raw/api/node-api/sui/sui_multigetobjects.md
https://developer.nodit.io/api/node-api/sui/sui_multigettransactionblocks.md	docs/nodit-official/raw/api/node-api/sui/sui_multigettransactionblocks.md
https://developer.nodit.io/api/node-api/sui/sui_trygetpastobject.md	docs/nodit-official/raw/api/node-api/sui/sui_trygetpastobject.md
https://developer.nodit.io/api/node-api/sui/sui_trymultigetpastobjects.md	docs/nodit-official/raw/api/node-api/sui/sui_trymultigetpastobjects.md
https://developer.nodit.io/api/node-api/sui/sui_verifyzkloginsignature.md	docs/nodit-official/raw/api/node-api/sui/sui_verifyzkloginsignature.md
https://developer.nodit.io/api/node-api/sui/suix_getallbalances.md	docs/nodit-official/raw/api/node-api/sui/suix_getallbalances.md
https://developer.nodit.io/api/node-api/sui/suix_getallcoins.md	docs/nodit-official/raw/api/node-api/sui/suix_getallcoins.md
https://developer.nodit.io/api/node-api/sui/suix_getbalance.md	docs/nodit-official/raw/api/node-api/sui/suix_getbalance.md
https://developer.nodit.io/api/node-api/sui/suix_getcoinmetadata.md	docs/nodit-official/raw/api/node-api/sui/suix_getcoinmetadata.md
https://developer.nodit.io/api/node-api/sui/suix_getcoins.md	docs/nodit-official/raw/api/node-api/sui/suix_getcoins.md
https://developer.nodit.io/api/node-api/sui/suix_getcommitteeinfo.md	docs/nodit-official/raw/api/node-api/sui/suix_getcommitteeinfo.md
https://developer.nodit.io/api/node-api/sui/suix_getdynamicfieldobject.md	docs/nodit-official/raw/api/node-api/sui/suix_getdynamicfieldobject.md
https://developer.nodit.io/api/node-api/sui/suix_getdynamicfields.md	docs/nodit-official/raw/api/node-api/sui/suix_getdynamicfields.md
https://developer.nodit.io/api/node-api/sui/suix_getlatestsuisystemstate.md	docs/nodit-official/raw/api/node-api/sui/suix_getlatestsuisystemstate.md
https://developer.nodit.io/api/node-api/sui/suix_getownedobjects.md	docs/nodit-official/raw/api/node-api/sui/suix_getownedobjects.md
https://developer.nodit.io/api/node-api/sui/suix_getreferencegasprice.md	docs/nodit-official/raw/api/node-api/sui/suix_getreferencegasprice.md
https://developer.nodit.io/api/node-api/sui/suix_getstakes.md	docs/nodit-official/raw/api/node-api/sui/suix_getstakes.md
https://developer.nodit.io/api/node-api/sui/suix_getstakesbyids.md	docs/nodit-official/raw/api/node-api/sui/suix_getstakesbyids.md
https://developer.nodit.io/api/node-api/sui/suix_gettotalsupply.md	docs/nodit-official/raw/api/node-api/sui/suix_gettotalsupply.md
https://developer.nodit.io/api/node-api/sui/suix_getvalidatorsapy.md	docs/nodit-official/raw/api/node-api/sui/suix_getvalidatorsapy.md
https://developer.nodit.io/api/node-api/sui/suix_queryevents.md	docs/nodit-official/raw/api/node-api/sui/suix_queryevents.md
https://developer.nodit.io/api/node-api/sui/suix_querytransactionblocks.md	docs/nodit-official/raw/api/node-api/sui/suix_querytransactionblocks.md
https://developer.nodit.io/api/node-api/sui/suix_resolvenameserviceaddress.md	docs/nodit-official/raw/api/node-api/sui/suix_resolvenameserviceaddress.md
https://developer.nodit.io/api/node-api/sui/suix_resolvenameservicenames.md	docs/nodit-official/raw/api/node-api/sui/suix_resolvenameservicenames.md
https://developer.nodit.io/api/node-api/sui/suix_subscribeevent.md	docs/nodit-official/raw/api/node-api/sui/suix_subscribeevent.md
https://developer.nodit.io/api/node-api/sui/suix_subscribetransaction.md	docs/nodit-official/raw/api/node-api/sui/suix_subscribetransaction.md
https://developer.nodit.io/api/node-api/sui/unsafe_batchtransaction.md	docs/nodit-official/raw/api/node-api/sui/unsafe_batchtransaction.md
https://developer.nodit.io/api/node-api/sui/unsafe_mergecoins.md	docs/nodit-official/raw/api/node-api/sui/unsafe_mergecoins.md
https://developer.nodit.io/api/node-api/sui/unsafe_movecall.md	docs/nodit-official/raw/api/node-api/sui/unsafe_movecall.md
https://developer.nodit.io/api/node-api/sui/unsafe_pay.md	docs/nodit-official/raw/api/node-api/sui/unsafe_pay.md
https://developer.nodit.io/api/node-api/sui/unsafe_payallsui.md	docs/nodit-official/raw/api/node-api/sui/unsafe_payallsui.md
https://developer.nodit.io/api/node-api/sui/unsafe_paysui.md	docs/nodit-official/raw/api/node-api/sui/unsafe_paysui.md
https://developer.nodit.io/api/node-api/sui/unsafe_publish.md	docs/nodit-official/raw/api/node-api/sui/unsafe_publish.md
https://developer.nodit.io/api/node-api/sui/unsafe_requestaddstake.md	docs/nodit-official/raw/api/node-api/sui/unsafe_requestaddstake.md
https://developer.nodit.io/api/node-api/sui/unsafe_requestwithdrawstake.md	docs/nodit-official/raw/api/node-api/sui/unsafe_requestwithdrawstake.md
https://developer.nodit.io/api/node-api/sui/unsafe_splitcoin.md	docs/nodit-official/raw/api/node-api/sui/unsafe_splitcoin.md
https://developer.nodit.io/api/node-api/sui/unsafe_splitcoinequal.md	docs/nodit-official/raw/api/node-api/sui/unsafe_splitcoinequal.md
https://developer.nodit.io/api/node-api/sui/unsafe_transferobject.md	docs/nodit-official/raw/api/node-api/sui/unsafe_transferobject.md
https://developer.nodit.io/api/node-api/sui/unsafe_transfersui.md	docs/nodit-official/raw/api/node-api/sui/unsafe_transfersui.md
https://developer.nodit.io/api/web3-data-api/getAccountStats.md	docs/nodit-official/raw/api/web3-data-api/getAccountStats.md
https://developer.nodit.io/api/web3-data-api/getAddressByEnsName.md	docs/nodit-official/raw/api/web3-data-api/getAddressByEnsName.md
https://developer.nodit.io/api/web3-data-api/getAssetHoldersById.md	docs/nodit-official/raw/api/web3-data-api/getAssetHoldersById.md
https://developer.nodit.io/api/web3-data-api/getAssetMetadataByIds.md	docs/nodit-official/raw/api/web3-data-api/getAssetMetadataByIds.md
https://developer.nodit.io/api/web3-data-api/getAssetMetadataByIssuer.md	docs/nodit-official/raw/api/web3-data-api/getAssetMetadataByIssuer.md
https://developer.nodit.io/api/web3-data-api/getAssetTransfersByAccount.md	docs/nodit-official/raw/api/web3-data-api/getAssetTransfersByAccount.md
https://developer.nodit.io/api/web3-data-api/getAssetTransfersById.md	docs/nodit-official/raw/api/web3-data-api/getAssetTransfersById.md
https://developer.nodit.io/api/web3-data-api/getAssetTransfersWithinRange.md	docs/nodit-official/raw/api/web3-data-api/getAssetTransfersWithinRange.md
https://developer.nodit.io/api/web3-data-api/getAssetsOwnedByAccount.md	docs/nodit-official/raw/api/web3-data-api/getAssetsOwnedByAccount.md
https://developer.nodit.io/api/web3-data-api/getBlockByHashOrNumber.md	docs/nodit-official/raw/api/web3-data-api/getBlockByHashOrNumber.md
https://developer.nodit.io/api/web3-data-api/getBlocksWithinRange.md	docs/nodit-official/raw/api/web3-data-api/getBlocksWithinRange.md
https://developer.nodit.io/api/web3-data-api/getDailyActiveAccountsStatsByContract.md	docs/nodit-official/raw/api/web3-data-api/getDailyActiveAccountsStatsByContract.md
https://developer.nodit.io/api/web3-data-api/getDailyTransactionsStats.md	docs/nodit-official/raw/api/web3-data-api/getDailyTransactionsStats.md
https://developer.nodit.io/api/web3-data-api/getDailyTransactionsStatsByContract.md	docs/nodit-official/raw/api/web3-data-api/getDailyTransactionsStatsByContract.md
https://developer.nodit.io/api/web3-data-api/getEnsNameByAddress.md	docs/nodit-official/raw/api/web3-data-api/getEnsNameByAddress.md
https://developer.nodit.io/api/web3-data-api/getEnsRecordByName.md	docs/nodit-official/raw/api/web3-data-api/getEnsRecordByName.md
https://developer.nodit.io/api/web3-data-api/getEnsRecordsByAccount.md	docs/nodit-official/raw/api/web3-data-api/getEnsRecordsByAccount.md
https://developer.nodit.io/api/web3-data-api/getEventsByAccount.md	docs/nodit-official/raw/api/web3-data-api/getEventsByAccount.md
https://developer.nodit.io/api/web3-data-api/getEventsByType.md	docs/nodit-official/raw/api/web3-data-api/getEventsByType.md
https://developer.nodit.io/api/web3-data-api/getGasPrice.md	docs/nodit-official/raw/api/web3-data-api/getGasPrice.md
https://developer.nodit.io/api/web3-data-api/getHourlyActiveAccountsStats.md	docs/nodit-official/raw/api/web3-data-api/getHourlyActiveAccountsStats.md
https://developer.nodit.io/api/web3-data-api/getHourlyActiveAccountsStatsByContract.md	docs/nodit-official/raw/api/web3-data-api/getHourlyActiveAccountsStatsByContract.md
https://developer.nodit.io/api/web3-data-api/getHourlyTransactionsStats.md	docs/nodit-official/raw/api/web3-data-api/getHourlyTransactionsStats.md
https://developer.nodit.io/api/web3-data-api/getHourlyTransactionsStatsByContract.md	docs/nodit-official/raw/api/web3-data-api/getHourlyTransactionsStatsByContract.md
https://developer.nodit.io/api/web3-data-api/getInternalTransactionsByAccount.md	docs/nodit-official/raw/api/web3-data-api/getInternalTransactionsByAccount.md
https://developer.nodit.io/api/web3-data-api/getInternalTransactionsByTransactionHash.md	docs/nodit-official/raw/api/web3-data-api/getInternalTransactionsByTransactionHash.md
https://developer.nodit.io/api/web3-data-api/getLedgerByHashOrIndex.md	docs/nodit-official/raw/api/web3-data-api/getLedgerByHashOrIndex.md
https://developer.nodit.io/api/web3-data-api/getLedgersWithinRange.md	docs/nodit-official/raw/api/web3-data-api/getLedgersWithinRange.md
https://developer.nodit.io/api/web3-data-api/getNativeBalanceByAccount.md	docs/nodit-official/raw/api/web3-data-api/getNativeBalanceByAccount.md
https://developer.nodit.io/api/web3-data-api/getNativeHolders.md	docs/nodit-official/raw/api/web3-data-api/getNativeHolders.md
https://developer.nodit.io/api/web3-data-api/getNativeTokenBalanceByAccount.md	docs/nodit-official/raw/api/web3-data-api/getNativeTokenBalanceByAccount.md
https://developer.nodit.io/api/web3-data-api/getNativeTokenBalanceChangesByAccount.md	docs/nodit-official/raw/api/web3-data-api/getNativeTokenBalanceChangesByAccount.md
https://developer.nodit.io/api/web3-data-api/getNativeTokenTransfersByAccount.md	docs/nodit-official/raw/api/web3-data-api/getNativeTokenTransfersByAccount.md
https://developer.nodit.io/api/web3-data-api/getNativeTransfersByAccount.md	docs/nodit-official/raw/api/web3-data-api/getNativeTransfersByAccount.md
https://developer.nodit.io/api/web3-data-api/getNativeTransfersWithinRange.md	docs/nodit-official/raw/api/web3-data-api/getNativeTransfersWithinRange.md
https://developer.nodit.io/api/web3-data-api/getNextNonceByAccount.md	docs/nodit-official/raw/api/web3-data-api/getNextNonceByAccount.md
https://developer.nodit.io/api/web3-data-api/getNftContractMetadataByContracts.md	docs/nodit-official/raw/api/web3-data-api/getNftContractMetadataByContracts.md
https://developer.nodit.io/api/web3-data-api/getNftContractsByAccount.md	docs/nodit-official/raw/api/web3-data-api/getNftContractsByAccount.md
https://developer.nodit.io/api/web3-data-api/getNftHoldersByContract.md	docs/nodit-official/raw/api/web3-data-api/getNftHoldersByContract.md
https://developer.nodit.io/api/web3-data-api/getNftHoldersByTokenId.md	docs/nodit-official/raw/api/web3-data-api/getNftHoldersByTokenId.md
https://developer.nodit.io/api/web3-data-api/getNftMetadataByContract.md	docs/nodit-official/raw/api/web3-data-api/getNftMetadataByContract.md
https://developer.nodit.io/api/web3-data-api/getNftMetadataByTokenIds.md	docs/nodit-official/raw/api/web3-data-api/getNftMetadataByTokenIds.md
https://developer.nodit.io/api/web3-data-api/getNftTransfersByAccount.md	docs/nodit-official/raw/api/web3-data-api/getNftTransfersByAccount.md
https://developer.nodit.io/api/web3-data-api/getNftTransfersByContract.md	docs/nodit-official/raw/api/web3-data-api/getNftTransfersByContract.md
https://developer.nodit.io/api/web3-data-api/getNftTransfersByTokenId.md	docs/nodit-official/raw/api/web3-data-api/getNftTransfersByTokenId.md
https://developer.nodit.io/api/web3-data-api/getNftTransfersWithinRange.md	docs/nodit-official/raw/api/web3-data-api/getNftTransfersWithinRange.md
https://developer.nodit.io/api/web3-data-api/getNftsOwnedByAccount.md	docs/nodit-official/raw/api/web3-data-api/getNftsOwnedByAccount.md
https://developer.nodit.io/api/web3-data-api/getTokenAccountsByAssetType.md	docs/nodit-official/raw/api/web3-data-api/getTokenAccountsByAssetType.md
https://developer.nodit.io/api/web3-data-api/getTokenAllowance.md	docs/nodit-official/raw/api/web3-data-api/getTokenAllowance.md
https://developer.nodit.io/api/web3-data-api/getTokenBalanceChangesByAccount.md	docs/nodit-official/raw/api/web3-data-api/getTokenBalanceChangesByAccount.md
https://developer.nodit.io/api/web3-data-api/getTokenBalanceChangesByAssetType.md	docs/nodit-official/raw/api/web3-data-api/getTokenBalanceChangesByAssetType.md
https://developer.nodit.io/api/web3-data-api/getTokenBalanceChangesWithinRange.md	docs/nodit-official/raw/api/web3-data-api/getTokenBalanceChangesWithinRange.md
https://developer.nodit.io/api/web3-data-api/getTokenContractMetadataByContracts.md	docs/nodit-official/raw/api/web3-data-api/getTokenContractMetadataByContracts.md
https://developer.nodit.io/api/web3-data-api/getTokenHoldersByContract.md	docs/nodit-official/raw/api/web3-data-api/getTokenHoldersByContract.md
https://developer.nodit.io/api/web3-data-api/getTokenMetadataByAssetTypes.md	docs/nodit-official/raw/api/web3-data-api/getTokenMetadataByAssetTypes.md
https://developer.nodit.io/api/web3-data-api/getTokenPairByAssetType.md	docs/nodit-official/raw/api/web3-data-api/getTokenPairByAssetType.md
https://developer.nodit.io/api/web3-data-api/getTokenPricesByContracts.md	docs/nodit-official/raw/api/web3-data-api/getTokenPricesByContracts.md
https://developer.nodit.io/api/web3-data-api/getTokenTransfersByAccount.md	docs/nodit-official/raw/api/web3-data-api/getTokenTransfersByAccount.md
https://developer.nodit.io/api/web3-data-api/getTokenTransfersByContract.md	docs/nodit-official/raw/api/web3-data-api/getTokenTransfersByContract.md
https://developer.nodit.io/api/web3-data-api/getTokenTransfersByCurrencyAndIssuer.md	docs/nodit-official/raw/api/web3-data-api/getTokenTransfersByCurrencyAndIssuer.md
https://developer.nodit.io/api/web3-data-api/getTokenTransfersWithinRange.md	docs/nodit-official/raw/api/web3-data-api/getTokenTransfersWithinRange.md
https://developer.nodit.io/api/web3-data-api/getTokensOwnedByAccount.md	docs/nodit-official/raw/api/web3-data-api/getTokensOwnedByAccount.md
https://developer.nodit.io/api/web3-data-api/getTotalTransactionCountByAccount.md	docs/nodit-official/raw/api/web3-data-api/getTotalTransactionCountByAccount.md
https://developer.nodit.io/api/web3-data-api/getTransactionByHash.md	docs/nodit-official/raw/api/web3-data-api/getTransactionByHash.md
https://developer.nodit.io/api/web3-data-api/getTransactionByTransactionId.md	docs/nodit-official/raw/api/web3-data-api/getTransactionByTransactionId.md
https://developer.nodit.io/api/web3-data-api/getTransactionByVersion.md	docs/nodit-official/raw/api/web3-data-api/getTransactionByVersion.md
https://developer.nodit.io/api/web3-data-api/getTransactionsByAccount.md	docs/nodit-official/raw/api/web3-data-api/getTransactionsByAccount.md
https://developer.nodit.io/api/web3-data-api/getTransactionsByHashes.md	docs/nodit-official/raw/api/web3-data-api/getTransactionsByHashes.md
https://developer.nodit.io/api/web3-data-api/getTransactionsByTransactionIds.md	docs/nodit-official/raw/api/web3-data-api/getTransactionsByTransactionIds.md
https://developer.nodit.io/api/web3-data-api/getTransactionsByVersions.md	docs/nodit-official/raw/api/web3-data-api/getTransactionsByVersions.md
https://developer.nodit.io/api/web3-data-api/getTransactionsInBlock.md	docs/nodit-official/raw/api/web3-data-api/getTransactionsInBlock.md
https://developer.nodit.io/api/web3-data-api/getTransactionsInLedger.md	docs/nodit-official/raw/api/web3-data-api/getTransactionsInLedger.md
https://developer.nodit.io/api/web3-data-api/getUnspentTransactionOutputsByAccount.md	docs/nodit-official/raw/api/web3-data-api/getUnspentTransactionOutputsByAccount.md
https://developer.nodit.io/api/web3-data-api/isContract.md	docs/nodit-official/raw/api/web3-data-api/isContract.md
https://developer.nodit.io/api/web3-data-api/searchAssetMetadataByKeyword.md	docs/nodit-official/raw/api/web3-data-api/searchAssetMetadataByKeyword.md
https://developer.nodit.io/api/web3-data-api/searchEvents.md	docs/nodit-official/raw/api/web3-data-api/searchEvents.md
https://developer.nodit.io/api/web3-data-api/searchNftContractMetadataByKeyword.md	docs/nodit-official/raw/api/web3-data-api/searchNftContractMetadataByKeyword.md
https://developer.nodit.io/api/web3-data-api/searchTokenContractMetadataByKeyword.md	docs/nodit-official/raw/api/web3-data-api/searchTokenContractMetadataByKeyword.md
https://developer.nodit.io/api/web3-data-api/syncNftMetadata.md	docs/nodit-official/raw/api/web3-data-api/syncNftMetadata.md
https://developer.nodit.io/api/webhook-api/createWebhook.md	docs/nodit-official/raw/api/webhook-api/createWebhook.md
https://developer.nodit.io/api/webhook-api/deleteWebhook.md	docs/nodit-official/raw/api/webhook-api/deleteWebhook.md
https://developer.nodit.io/api/webhook-api/getWebhook.md	docs/nodit-official/raw/api/webhook-api/getWebhook.md
https://developer.nodit.io/api/webhook-api/getWebhookHistory.md	docs/nodit-official/raw/api/webhook-api/getWebhookHistory.md
https://developer.nodit.io/api/webhook-api/updateWebhook.md	docs/nodit-official/raw/api/webhook-api/updateWebhook.md
https://developer.nodit.io/guides/account-management.md	docs/nodit-official/raw/guides/account-management.md
https://developer.nodit.io/guides/api-key.md	docs/nodit-official/raw/guides/api-key.md
https://developer.nodit.io/guides/auto-scaling.md	docs/nodit-official/raw/guides/auto-scaling.md
https://developer.nodit.io/guides/coupon.md	docs/nodit-official/raw/guides/coupon.md
https://developer.nodit.io/guides/create-a-blog-post.md	docs/nodit-official/raw/guides/create-a-blog-post.md
https://developer.nodit.io/guides/credit.md	docs/nodit-official/raw/guides/credit.md
https://developer.nodit.io/guides/crypto-balance.md	docs/nodit-official/raw/guides/crypto-balance.md
https://developer.nodit.io/guides/data-square.md	docs/nodit-official/raw/guides/data-square.md
https://developer.nodit.io/guides/dedicated-node.md	docs/nodit-official/raw/guides/dedicated-node.md
https://developer.nodit.io/guides/elastic-node.md	docs/nodit-official/raw/guides/elastic-node.md
https://developer.nodit.io/guides/get-started-with-nodit.md	docs/nodit-official/raw/guides/get-started-with-nodit.md
https://developer.nodit.io/guides/giwa-testnet-facuet.md	docs/nodit-official/raw/guides/giwa-testnet-facuet.md
https://developer.nodit.io/guides/kaia-testnet-facuet.md	docs/nodit-official/raw/guides/kaia-testnet-facuet.md
https://developer.nodit.io/guides/nodit-faq.md	docs/nodit-official/raw/guides/nodit-faq.md
https://developer.nodit.io/guides/nodit-mcp.md	docs/nodit-official/raw/guides/nodit-mcp.md
https://developer.nodit.io/guides/nodit-overview.md	docs/nodit-official/raw/guides/nodit-overview.md
https://developer.nodit.io/guides/outstanding-charges.md	docs/nodit-official/raw/guides/outstanding-charges.md
https://developer.nodit.io/guides/pricing-plans.md	docs/nodit-official/raw/guides/pricing-plans.md
https://developer.nodit.io/guides/referral-program.md	docs/nodit-official/raw/guides/referral-program.md
https://developer.nodit.io/guides/request-logs.md	docs/nodit-official/raw/guides/request-logs.md
https://developer.nodit.io/guides/security.md	docs/nodit-official/raw/guides/security.md
https://developer.nodit.io/guides/service-status-monitoring.md	docs/nodit-official/raw/guides/service-status-monitoring.md
https://developer.nodit.io/guides/stream.md	docs/nodit-official/raw/guides/stream.md
https://developer.nodit.io/guides/subscription.md	docs/nodit-official/raw/guides/subscription.md
https://developer.nodit.io/guides/team-account.md	docs/nodit-official/raw/guides/team-account.md
https://developer.nodit.io/guides/usage-measuringcu.md	docs/nodit-official/raw/guides/usage-measuringcu.md
https://developer.nodit.io/guides/using-nodit-with-ai-llm-tools.md	docs/nodit-official/raw/guides/using-nodit-with-ai-llm-tools.md
https://developer.nodit.io/guides/web3-data-api.md	docs/nodit-official/raw/guides/web3-data-api.md
https://developer.nodit.io/guides/webhook.md	docs/nodit-official/raw/guides/webhook.md
